WilyCygnet,10.0.4.101
SwiftCosset,10.0.4.200
SoundGerbil,10.0.4.209
DarkVulture,10.0.6.120
StalwaltColt,10.0.1.105
SturdyJay,10.0.4.213
JustTapir,10.0.4.186
GlossyHyena,10.0.4.176
BusyAmmonite,10.0.4.185
GlowingLocust,10.0.4.192
NaturalFerret,10.0.4.152
AnimatedIbex,10.0.4.160
PlacidSalmon,10.0.4.189
ElaborateFly,10.0.4.191
FemtoCaribou,10.0.4.73
SlimChicken,10.0.4.194
ResoluteHeron,10.0.4.206
StonyBarracuda,10.0.3.183
WarmKangaroo,10.0.7.177
JustWallaby,10.0.4.217
MinuteMagpie,10.0.5.195
PreciousDragon,10.0.2.244
IntenseKoala,10.0.6.141
SwankySprat,10.0.5.207
BustlingEagle,10.0.4.129
SharpSquab,10.0.4.122
BalmyMonkey,10.0.4.145
RobustAmmonite,10.0.4.131
ArtfulHeron,10.0.4.71
CannyLemur,10.0.4.115
ResoluteLoris,10.0.4.88
GainfulCattle,10.0.4.79
SillyAxolotl,10.0.7.55
EruditeFish,10.0.3.19
ResoluteMoth,10.0.5.17
LuckyDotterel,10.0.3.136
WillingEnchidna,10.0.5.158
SteadfastToad,10.0.5.182
ReputableCrab,10.0.2.36
AbsorbingRam,10.0.4.202
